<?xml version="1.0" encoding="UTF-8" ?>
<docblox>
    <parser>
        <target>docs</target>
    </parser>
    <transformer>
        <target>docs</target>
    </transformer>
    <files>
        <directory>.</directory>
        <ignore>*/lib/fonts/*</ignore>
        <ignore>*/lib/html5lib/*</ignore>
        <ignore>*/lib/php-font-lib/*</ignore>
        <ignore>*www/*</ignore>
        <ignore>*.svn*</ignore>
    </files>
    <transformations>
        <template name="new_black"/>
    </transformations>
</docblox>